smiles,y
Clc1ccc(Cl)c(c1)c2ccc(Cl)c(Cl)c2,-2.004235046077061
CNC(=O)Oc1ccccc1C2OCCO2,0.7063200500588781
ClC(=C(Cl)Cl)Cl,0.24342595793707164
O=C1NC(=O)NC(=O)C1(C)CC,0.8695260083121337
CCNc1nc(NC(C)C)nc(SC)n1,0.004820755812429133
Cc1cccc(C)c1O,0.8399389632486779
CC1OC(CC(O)C1O)OC2C(O)CC(OC2C)OC8C(O)CC(OC7CCC3(C)C(CCC4C3CC(O)C5(C)C(CCC45O)C6=CC(=O)OC6)C7)OC8C ,-0.4919552750110768
CC(=C)C(=C)C,0.3102354145319716
Cc1cccc(N)c1,1.0499115411183633
CCCCCCCCCC(=O)OC,-0.7825764111988913
Cc1ccccc1C,0.11935125283225766
Sc1nccc(=O)[nH]1 ,0.3708411358716307
ClCC(C)C,0.5011195762316856
CN(C)C(=O)Nc1ccc(C)c(Cl)c1,-0.20658345327000416
CCCCCC=C,-0.3244544231195775
CN(C)C(=O)Nc1ccc(c(Cl)c1)n2nc(oc2=O)C(C)(C)C,-0.6098262448606501
Fc1cccc(Br)c1,0.18138860538466464
CCCCOCCO,1.255112014945556
CC(C)C=C,0.1527559811297075
CC12CC(O)C3C(CCC4=CC(=O)C=CC34C)C2CCC1(O)C(=O)CO,-0.061988700782470825
CC1(OC(=O)N(C1=O)c2cc(Cl)cc(Cl)c2)C=C,-0.8947208561974731
C1CCCCCCC1,-0.5248827929042774
Clc1cc(Cl)c(cc1Cl)c2cccc(Cl)c2Cl ,-1.9851466299070892
Brc1ccc(Br)cc1,-0.4867059605643346
O=C1N(C2CCC(=O)NC2=O)C(=O)c3ccccc13,0.17852534295916886
CCCCc1c(C)nc(nc1O)N(C)C ,0.3865890792118571
CCCC(O)CC,1.0737720613308277
c1cc2cccc3c4cccc5cccc(c(c1)c23)c54,-2.7458200142804503
CCOP(=S)(OCC)ON=C(C#N)c1ccccc1,-0.8646566007297682
CC(=C)C,0.3436401428294215
CCCC(C)(C)CO,0.7301805702713424
CCN(CC)C(=O)C(C)Oc1cccc2ccccc12 ,-0.24810075843969184
Cc1ccccc1N(=O)=O,0.3436401428294215
CCCCCC(=O)OC,0.5631569287840926
Clc1ccc(c(Cl)c1)c2ccc(Cl)c(Cl)c2Cl ,-2.266700768414168
Cn2cc(c1ccccc1)c(=O)c(c2)c3cccc(c3)C(F)(F)F,-0.6656598621578165
CCCCCCC(=O)OCC,0.14798387708721455
CSSC,0.7683574026112853
COC(=O)c1ccccc1C(=O)OC,0.6633711136764425
CC(=O)C1(O)CCC2C3CCC4=CC(=O)CCC4(C)C3CCC21C,-0.3659717282892654
CC34CCc1c(ccc2cc(O)ccc12)C3CCC4=O,-1.0450421335359978
CCCN(=O)=O,1.0737720613308277
Cc1ccc(cc1)S(=O)(=O)N,0.6251942813364997
CC(=O)Nc1ccc(Cl)cc1,0.09883120544953833
Cc2cnc1cncnc1n2,1.0480026995013665
CC12CCC3C(CCC4=CC(=O)CCC34C)C2CCC1O,-0.46284544035187
FC(F)(F)c1cccc(c1)N2CC(CCl)C(Cl)C2=O,-0.4757301212666008
COC(=O)C,1.6750571706849269
CCC#CCC,0.5058916802741784
Clc1ccc(Cl)c(c1)c2c(Cl)c(Cl)c(Cl)c(Cl)c2Cl,-2.8107206292583524
Oc2cc(O)c1C(=O)CC(Oc1c2)c3ccc(O)c(O)c3,-0.27196127865215625
ClC(Cl)(Cl)N(=O)=O,0.5011195762316856
CCOP(=S)(OCC)Oc1ccc(cc1)S(C)=O ,0.3579564549569001
Cc1cc(C)c(C)cc1C,-0.7348553707739626
CCC(C)C,-0.061988700782470825
CC(C)(C)CO,1.2646562230305416
Oc1cc(Cl)c(Cl)cc1Cl,0.4009053913393357
c1ccc2c(c1)[nH]c3ccccc32,-1.0593584456634764
c1ccnnc1,1.9804718294044692
CCCC(C)C1(CC)C(=O)NC(=S)NC1=O ,-0.14788657354734197
CCCOC(=O)CCC,0.6204221772940068
c1ccc2c3c(ccc2c1)c4cccc5cccc3c45,-2.362142849264025
c1ccc2cnccc2c1,0.7635852985687924
Oc1c(Cl)cccc1Cl,0.6013337611240355
CCCI,0.36272855899939294
CCOc1ccc(NC(=O)C)cc1,0.3340959347444358
COc1ccc(cc1)N(=O)=O,0.3054633104894787
O=C(Nc1ccccc1)Nc2ccccc2,-0.04767238865499216
CCCCCCCCCCCC(=O)OC,-0.7825764111988913
CCCCN(C)C(=O)Nc1ccc(Cl)c(Cl)c1,-0.8207532435388337
CCCCCCCC(=O)OCC,-0.16220288567482066
O=C1N(COC(=O)CCCCC)C(=O)C(N1)(c2ccccc2)c3ccccc3,-1.3533200546810362
CCCOP(=S)(OCCC)SCC(=O)N1CCCCC1C,-0.5248827929042774
Cc3nnc4CN=C(c1ccccc1Cl)c2cc(Cl)ccc2n34,-0.4962501686493201
CC(=O)OCC(=O)C3(O)CCC4C2CCC1=CC(=O)C=CC1(C)C2C(O)CC34C ,-0.62986908183912
CNC(=O)Oc1ccc(N(C)C)c(C)c1,0.32932383070194304
C=CC#N,1.5271219453676483
CC(C)Oc1cc(c(Cl)cc1Cl)n2nc(oc2=O)C(C)(C)C,-1.262650077873673
O=C1NC(=O)NC(=O)C1(CC)CC=C(C)C,0.3803853439566165
Oc1ccc(c(O)c1)c3oc2cc(O)cc(O)c2c(=O)c3O ,-0.015699291570290194
C1CCC2CCCCC2C1,-1.021181613323534
CC(C)Br,0.6967758419738924
CC(C)Cc1ccccc1,-0.5105664807767988
Cc1ccc(cc1N(=O)=O)N(=O)=O,0.10980704474727193
CC(C)N(C(C)C)C(=O)SCC(=CCl)Cl,-0.5897834078821802
CCc1cccc2ccccc12,-0.5344270009892629
CC(=O)SC4CC1=CC(=O)CCC1(C)C5CCC2(C)C(CCC23CCC(=O)O3)C45,-0.5358586322020108
CC=CC=O,1.6082477140900269
OCC1OC(O)(CO)C(O)C1O,1.7609550434497985
Nc1ccc(cc1)S(N)(=O)=O,0.8160784430362137
O=C(C=CC=Cc2ccc1OCOc1c2)N3CCCCC3,-0.19560761397227056
CCC1(C(C)C)C(=O)NC(=O)NC1=O ,0.4009053913393357
CCCC1C(=O)N3N(C1=O)c2cc(C)ccc2N=C3N(C)C ,-0.2328300255037149
CC1(C)C(C=C(Br)Br)C1C(=O)OC(C#N)c2cccc(Oc3ccccc3)c2,-2.5539814317722382
COc2c1occc1cc3ccc(=O)oc23 ,-0.2929585364391248
NC(=O)c1ccccc1O,0.5870174489965568
O2c1ccccc1N(C)C(=O)c3cccnc23 ,-0.2967762196731191
Cc1cncc(C)c1,1.6368803383449841
Cc2c(N)c(=O)n(c1ccccc1)n2C,1.1577610924787018
CCCCCC(C)O,0.7158642581438638
CON(C)C(=O)Nc1ccc(Cl)c(Cl)c1,-0.2585993873331762
CN(C)c1ccccc1,0.5392964085716284
Fc1ccccc1Br,0.16707229325718598
CCC(C)n1c(=O)[nH]c(C)c(Br)c1=O ,0.25153853480930943
Clc1ccc(cc1)C(c2ccc(Cl)cc2)C(Cl)(Cl)Cl,-1.9565140056521328
Cc1c(C)c(C)c(C)c(C)c1C,-1.0402700294935052
Nc1ccccc1,1.2598841189880488
O=C2NC(=O)C1(CCC1)C(=O)N2,0.665757165697689
Oc1ccc(Cl)cc1Cl,0.7158642581438638
OCC1OC(OC2C(O)C(O)C(O)OC2CO)C(O)C(O)C1O,1.3391010460934305
CCC=O,1.7323224191948408
CCCC/C=C/C,-0.3674033595020131
Oc1ccccn1,1.9422949970645265
OC1CCCCC1,1.2455678068605702
CC(=O)OC3(CCC4C2CCC1=CC(=O)CCC1C2CCC34C)C#C,-0.8350695556663125
O=Cc2ccc1OCOc1c2 ,0.677687425803921
CSC,1.2407957028180774
CC(=O)OC3CCC4C2CCC1=CC(=O)CCC1(C)C2CCC34C ,-1.018318350898038
O=C(Cn1ccnc1N(=O)=O)NCc2ccccc2,0.11457914878976468
Cc1cccc(C)c1NC(=O)c2cc(c(Cl)cc2O)S(N)(=O)=O,-0.3530870473745347
CC/C=C/C,0.24342595793707164
OCC(O)COC(=O)c1ccccc1Nc2ccnc3cc(Cl)ccc23,-0.725788373093227
Oc1cccc(O)c1,1.8420808121721768
CC(=O)OCC(=O)C3(O)C(CC4C2CCC1=CC(=O)C=CC1(C)C2(F)C(O)CC34C)OC(C)=O ,-0.5153385848192915
c2ccc1scnc1c2 ,0.7397247783563281
O(c1ccccc1)c2ccccc2,-0.4342128160969131
CCCN(CCC)c1c(cc(cc1N(=O)=O)C(F)(F)F)N(=O)=O,-1.2550147114056829
Cc1ccc(cc1)N(=O)=O,0.2672864781495358
Clc1ccc(cc1)c2ccccc2Cl ,-1.0641305497059694
COc1ccccc1O,0.520207992401657
c1c(NC(=O)OC(C)C(=O)NCC)cccc1,0.582245344954064
O=C1N(COC(=O)C)C(=O)C(N1)(c2ccccc2)c3ccccc3,-0.6775901222640484
CC(C)(C)c1ccccc1,-0.2910496948221276
COc1nc(NC(C)C)nc(NC(C)C)n1,0.2730130030005272
Oc1cccc(c1)N(=O)=O,0.973557876438478
CC(C)Cl,0.7826737147387638
C,1.026051020905899
OCCOc1ccccc1,1.121493101755756
Brc1ccc2ccccc2c1,-0.6441853939665987
OCCCC=C,1.3839588240928629
c1ccsc1,0.8208505470787065
O=C2CN(N=Cc1ccc(o1)N(=O)=O)C(=O)N2 ,-0.1574307816323277
CC(C)I,0.45817063984925
CCCCC=O,1.0499115411183633
Fc1cccc(F)c1C(=O)NC(=O)Nc2cc(Cl)c(F)c(Cl)c2F ,-2.01855135820454
CCC(C)(C)C,-0.2385565503547061
CCCSCCC,0.22433754176710025
C1(=O)NC(=O)NC(=O)C1(O)C2(O)C(=O)NC(=O)NC2(=O),0.5058916802741784
O=C1NC(=O)NC(=O)C1(CC)CC,0.3102354145319716
CC1CO1,1.1739862462231776
CCC,0.5297522004866427
CCCCN(CC)C(=O)SCCC,-0.2290123422697204
O=C1NC(=O)NC(=O)C1(C(C)CCC)CC=C,0.33123267231894016
Clc1ccc(cc1)c2ccc(Cl)cc2 ,-1.674959867145054
Oc1ccc2ccccc2c1,0.3675006630418859
COc1ccc(C=CC)cc1,-0.03812818057000645
CC2(C)C1CCC(C)(C1)C2=O,0.5727011368690783
c1ccccc1C(O)C(O)c2ccccc2,0.5345243045291356
CCCCSP(=O)(SCCCC)SCCCC,-0.9973210931110692
c1nccc(C(=O)NN)c1,1.4598352783684991
CCCCO,1.4555403847302557
BrCCBr,0.6538269055914568
Cc1ccccc1O,1.1596699340956989
c1ccc2cc3cc4ccccc4cc3cc2c1,-2.648469091813596
ClC1C(Cl)C(Cl)C(Cl)C(Cl)C1Cl,-0.7587158909864268
CNC(=O)Oc1cc(C)cc(C)c1,0.2238603313628508
ClC1(C2(Cl)C3(Cl)C4(Cl)C5(Cl)C1(Cl)C3(Cl)Cl)C5(Cl)C(Cl)(Cl)C24Cl,-1.7894903641648825
ClCBr,1.0308231249483921
CS(=O)(=O)c1ccc(cc1)C(O)C(CO)NC(=O)C(Cl)Cl ,0.4276291739772957
COP(=S)(OC)Oc1ccc(Sc2ccc(OP(=S)(OC)OC)cc2)cc1,-1.520820906572535
Cc1cc2ccccc2cc1C,-0.7968927233263696
C1CCCCCC1,-0.2194681341847347
CCCOCCC,0.6824595298464139
c1ccc2c(c1)c3ccccc3c4ccccc24,-1.7541767942504354
CCc1cccc(C)c1N(C(C)COC)C(=O)CCl ,0.1527559811297075
CC(C)C1CCC(C)CC1O ,0.24819806197956465
CC=C,0.9401531481410278
CCCC(O)CCC,0.7874458187812566
CCCCCCCC,-1.0450421335359978
ClCC(Cl)(Cl)Cl,0.4152217034668142
c1(O)cc(O)ccc1CCCCCC,0.2195654377246075
CCOC(=O)c1ccccc1S(=O)(=O)NN(C=O)c2nc(Cl)cc(OC)n2,-0.728174425114473
CCCCOC(=O)c1ccccc1C(=O)OCCCC ,-0.6441853939665987
CC(=O)C1CCC2C3CCC4=CC(=O)CCC4(C)C3CCC12C,-0.6537296020515841
O=N(=O)c1cccc2ccccc12,-0.23378444631221335
CN2C(=O)CN=C(c1ccccc1)c3cc(ccc23)N(=O)=O,-0.35595030980003023
COCCCNc1nc(NC(C)C)nc(SC)n1,0.0582683210883491
Oc1ccncc1,1.9422949970645265
CC1=C(SCCO1)C(=O)Nc2ccccc2,-0.042900284612499416
Nc1ccc(O)cc1,1.0737720613308277
Brc1cccc2ccccc12,-0.620324873754134
ClC1CC2C(C1Cl)C3(Cl)C(=C(Cl)C2(Cl)C3(Cl)Cl)Cl,-1.81812298841984
ClC(=C)Cl,0.6729153217614282
CCC1(C(=O)NC(=O)NC1=O)C2=CCC3CCC2C3,0.16898113487418312
Clc1cc(Cl)cc(Cl)c1,-0.6823622263065415
CNc2cnn(c1cccc(c1)C(F)(F)F)c(=O)c2Cl,-0.4752529108623517
ClC(Cl)C(Cl)(Cl)SN2C(=O)C1CC=CCC1C2=O ,-1.1213957982158838
CCCCC(C)CC,-1.006865301196055
CC#C,1.2598841189880488
CN(C)C(=S)SSC(=S)N(C)C ,-0.4055801918419559
c3ccc2nc1ccccc1cc2c3,-0.2958217988646204
CC(C)C(C)C(C)C,-0.8350695556663125
Clc1ccc(Cl)c(Cl)c1,-0.25764496652467755
COP(=O)(OC)OC(Br)C(Cl)(Cl)Br,0.3675006630418859
c1c(OC)c(OC)C2C(=O)OCC2c1,0.5493178270608634
CC(C)c1ccc(C)cc1,-0.3435428392895489
CCN(CC)c1c(cc(c(N)c1N(=O)=O)C(F)(F)F)N(=O)=O,-1.1548005265133334
C(c1ccccc1)c2ccccc2,-0.4914780646068273
CC1CC2C3CCC(O)(C(=O)C)C3(C)CC(O)C2(F)C4(C)C=CC(=O)C=C14,-0.5005450622875638
Clc1cc(Cl)c(cc1Cl)c2cc(Cl)c(Cl)cc2Cl ,-2.6293806756436244
c1ccc2c(c1)c3cccc4cccc2c34,-1.4077220407654545
Clc1ccccc1N(=O)=O,0.2386538538945789
CCCC1COC(Cn2cncn2)(O1)c3ccc(Cl)cc3Cl,-0.21135555731249714
C1Cc2c3c1cccc3cc4c2ccc5ccccc54,-2.290561288626632
COC(=O)c1cc(O)c(O)c(O)c1 ,0.8637994834611422
CCCC(C)(C)O,1.2217072866481058
Cc1ccc2c(ccc3ccccc32)c1,-1.3313683760855688
FC(F)(F)c1ccccc1,0.2577422700645503
CCN2c1ncccc1N(CC)C(=O)c3cccnc23 ,0.09071862857730052
CCCCCCCCCCCCCCCCO,-1.88493244501474
CN(C)C(=O)C(c1ccccc1)c2ccccc2 ,0.03345338006738626
CC1(C)C2CCC1(C)C(O)C2,0.3484122468719145
CCOP(=S)(OCC)SCCSCC,-0.5630596252442203
CCCCCCCCC,-1.3504567922555404
CCCOC(=O)c1ccc(N)cc1,0.2854204735110088
OC3N=C(c1ccccc1Cl)c2cc(Cl)ccc2NC3=O,-0.2643259121841677
Cc1cc(C)c(O)c(C)c1,0.4772590560192214
Nc1ccccc1Cl,0.7301805702713424
O=C1NC(=O)NC(=O)C1(C(C)C)C(C)C,0.13557640657673325
CC(C)C(C(=O)OC(C#N)c1cccc(Oc2ccccc2)c1)c3ccc(OC(F)F)cc3,-1.8257583548878284
CCOC(=O)CC(SP(=S)(OC)OC)C(=O)OCC,-0.15265867758983495
COP(=O)(NC(C)=O)SC ,1.7132340030248696
CCCCC(C)O,1.0308231249483921
ClC(=C(Cl)C(=C(Cl)Cl)Cl)Cl,-0.8923348041762267
O2c1ccc(N)cc1N(C)C(=O)c3cc(C)ccc23 ,-0.418942083160936
CN2C(=O)CN=C(c1ccccc1)c3cc(Cl)ccc23,-0.3359074728215604
COc2ncc1nccnc1n2,0.9258368360135492
Cc1cc(C)cc(C)c1,-0.16697498971731342
Oc1ccc(O)cc1,1.3744146160078772
Nc1nccs1 ,1.2837446392005132
Oc1cccc2ccccc12,0.3961332872968428
COC(=O)C1=C(C)NC(=C(C1c2ccccc2N(=O)=O)C(=O)OC)C ,-0.8159811394963409
CC(C)c1ccccc1C,-0.33877073524705603
CC(=O)N,2.209532823444126
COP(=S)(OC)SCC(=O)N(C)C=O,0.503505628252932
CN(=O)=O,1.5796150898350696
O=C2NC(=O)C1(CCCCCCC1)C(=O)N2,0.03249895925888758
Cc1c[nH]c(=O)[nH]c1=O ,0.7368615159308324
CC(=O)OCC(=O)C3(O)CCC4C2CCC1=CC(=O)CCC1(C)C2C(=O)CC34C ,-0.5535154171592344
Clc1cccc(Cl)c1,0.004820755812429133
COC(=O)c1ccccc1OC2OC(COC3OCC(O)C(O)C3O)C(O)C(O)C2O,1.101450264777286
C1C(O)CCC2(C)CC3CCC4(C)C5(C)CC6OCC(C)CC6OC5CC4C3C=C21,-2.037639774374511
c1ccccc1NC(=O)c2c(O)cccc2,-0.25764496652467755
O=C1NC(=O)C(=O)N1 ,1.2646562230305416
CC(C)(C)C(=O)C(Oc1ccc(Cl)cc1)n2cncn2,-0.26718917460966324
Oc2ccc1ncccc1c2 ,0.4247659115518
O=C1N(COC(=O)CCCCCCC)C(=O)C(N1)(c2ccccc2)c3ccccc3,-1.6573030821878303
O=N(=O)c1ccccc1,0.5965616570815425
CC(=O)CC(c1ccc(Cl)cc1)c2c(O)c3ccccc3oc2=O,-1.3308911656813198
CCCCCCCCCCCCCC,-2.3430544330940535
N(Nc1ccccc1)c2ccccc2 ,0.06208600432234339
CC(C)CCO,1.2121630785631203
CCOCC,1.41259144834782
CCCCCCCCCCCCO,-0.8350695556663125
CCCCC#C,0.32932383070194304
CC(C)=CCCC(O)(C)C=C,0.5058916802741784
CC1CCCCC1,-0.3817196716294918
CN(C)C(=O)Nc1cccc(OC(=O)NC(C)(C)C)c1 ,0.05731390027985042
c1ccccc1n2ncc(N)c(Br)c2(=O),-0.036696549357258544
OCC2OC(OC1(CO)OC(CO)C(O)C1O)C(O)C(O)C2O ,1.8325366040871909
Cc1cccc2c1Cc3ccccc32,-1.0354979254510122
Cc1cc(no1)C(=O)NNCc2ccccc2,0.2811255798727653
CCCCCCl,0.1527559811297075
CCOc1ccccc1,0.3436401428294215
CC34CC(=O)C1C(CCC2=CC(=O)CCC12C)C3CCC4(=O) ,-0.20515182205725627
c1ccc2c(c1)cc3ccc4cccc5ccc2c3c45,-2.6957129218342746
Nc1ccc(cc1)N(=O)=O,0.3245517266594501
O=c1cc[nH]c(=O)[nH]1 ,0.7454513032073194
o1c2ccccc2c3ccccc13,-0.7396274748164553
c1ccc2c(c1)ccc3c4ccccc4ccc23,-2.389343842306234
CC1CCCC1,-0.11925394929238488
Nc3ccc2cc1ccccc1cc2c3 ,-1.011637405238548
CCCCCCCCCCCCCCCC,-2.553027010963739
O=C1NC(=O)NC(=O)C1(CC=C)CC=C,0.4643743751044906
CC(=O)OC3(CCC4C2C=C(C)C1=CC(=O)CCC1(C)C2CCC34C)C(C)=O ,-1.097535278003419
O2c1cc(C)ccc1N(C)C(=O)c3cc(N)cnc23 ,0.0033891245996812234
Oc1cccc2cccnc12 ,0.3006912064469859
c2ccc1nc(ccc1c2)c4ccc3ccccc3n4 ,-1.1213957982158838
COc1ccc(Cl)cc1,0.12889546091724335
c2ccc1[nH]nnc1c2,1.0833162694158132
C1=Cc2cccc3cccc1c23,-0.4342128160969131
CCCCCO,1.1692141421806843
ClCCl,1.1548978300532062
CCCCCC(=O)C,0.7635852985687924
Cc1cccc(C)c1,0.10980704474727193
CC34CC(O)C1(F)C(CCC2=CC(=O)CCC12C)C3CCC4(O)C(=O)CO ,-0.18129130184479209
OCC1OC(CO)(OC2OC(COC3OC(CO)C(O)C(O)C3O)C(O)C(O)C2O)C(O)C1O,1.2598841189880488
Oc1ccc(Cl)cc1Cc2cc(Cl)ccc2O,-0.43087234326716795
CNc1ccccc1,0.8447110672911708
COc1ccccc1O ,0.520207992401657
Oc1ccc(cc1)N(=O)=O,1.1024046855857843
O=C(c1ccccc1)c2ccccc2,-0.033356076527513705
CCC1(CCC(=O)NC1=O)c2ccccc2 ,0.3402996699996764
CCCOC(C)C,0.8160784430362137
Clc1ccc(Br)cc1,-0.276733382694649
COC(=O)c1cccnc1 ,1.2360235987755843
CCCCCOC(=O)C,0.5536127206991069
CC1(C)C(C(=O)OC(C#N)c2cccc(Oc3ccccc3)c2)C1(C)C,-1.4196523008716868
Clc1ccc(Cl)c(Cl)c1Cl,-0.7253111626889771
CC(=O)c1ccccc1,0.8447110672911708
CCCC=C(CC)C=O,0.2816027902770145
CCN2c1cc(OC)cc(C)c1NC(=O)c3cccnc23 ,-1.00352482836631
OCC(O)C(O)C(O)C(O)CO,1.9756997253619764
ClCCCl,0.9496973562260136
Nc1nc[nH]n1,1.7046442157483823
Cc2ncc1nccnc1n2,1.3982751362203414
CCCCCCC(=O)C,0.4772590560192214
Cn2c(=O)on(c1ccc(Cl)c(Cl)c1)c2=O,0.10980704474727193
Cc1ncc(N(=O)=O)n1CCO,0.8733436915461279
CCC(C)O,1.6798292747274195
Cc1cc(C)c(C)c(C)c1C,-0.4533012322668845
Clc2ccc1oc(=O)[nH]c1c2,0.10455773030052952
CCC(=O)OC3CCC4C2CCC1=CC(=O)CCC1(C)C2CCC34C ,-1.107079486088405
Nc2nc1[nH]cnc1c(=O)[nH]2 ,-0.2543044936949327
CCCCC(=O)C,1.0737720613308277
Oc1ccc(Cl)c(Cl)c1Cl,0.18138860538466464
O=N(=O)c1ccccc1N(=O)=O,-0.023811868442527997
Clc1cccc(I)c1,-0.2385565503547061
C1c2ccccc2c3cc4ccccc4cc13,-2.381231265433996
CCBr,0.9353810440985351
Oc1ccccc1O,1.7514108353648123
Brc1cc(Br)c(Br)cc1Br,-1.875388236929754
Oc1ccc(Cl)cc1,1.121493101755756
C=CC=C,0.5631569287840926
O=c2c(C3CCCc4ccccc43)c(O)c1ccccc1o2 ,0.10026283666228622
CCCC#C,0.6729153217614282
CN1CC(O)N(C1=O)c2nnc(s2)C(C)(C)C,0.5598164559543476
O=C1N(COC(=O)CC)C(=O)C(N1)(c2ccccc2)c3ccccc3,-0.8861310689209859
CC(C#C)N(C)C(=O)Nc1ccc(Cl)cc1,-0.4055801918419559
Ic1cccc2ccccc12,-0.7157669546039912
CCc1ccc(CC)cc1,-0.33399863120456325
CCOC(=O)NCCOc2ccc(Oc1ccccc1)cc2,-0.787348515241384
CC2=CC(=O)c1ccccc1C2=O ,0.009592859854922094
CNC(=O)C=C(C)OP(=O)(OC)OC,1.76620435789654
CCOC(=O)CCN(SN(C)C(=O)Oc1cccc2CC(C)(C)Oc21)C(C)C,-0.7921206192838769
CC12CC(=O)C3C(CCC4=CC(=O)CCC34C)C2CCC1(O)C(=O)CO,-0.028583972485020745
CCN(CC)C(=O)C(=CCOP(=O)(OC)OC)Cl,1.7051214261526315
CCCCCCCCC(=O)OC,-0.1574307816323277
NC(=O)NC1NC(=O)NC1=O ,0.6920037379313996
C1CC=CC1,0.453398535806757
Oc2ccc1CCCCc1c2 ,0.5058916802741784
CCCCOC(=O)CCCCCCCCC(=O)OCCCC,-0.4036713502249588
CCCCC1C(=O)N(N(C1=O)c2ccc(O)cc2)c3ccccc3 ,-0.3244544231195775
CCCOC,1.2694283270730344
CC34CCC1C(CCC2CC(=O)CCC12C)C3CCC4O ,-0.8078685626241034
COc5cc4OCC3Oc2c1CC(Oc1ccc2C(=O)C3c4cc5OC)C(C)=C ,-0.6537296020515841
c1c(O)C2C(=O)C3cc(O)ccC3OC2cc1(OC),0.05111016502460977
CCCCC(C)(C)O,0.9401531481410278
ClC1=C(Cl)C(Cl)(C(=C1Cl)Cl)C2(Cl)C(=C(Cl)C(=C2Cl)Cl)Cl,-2.0175969373960405
C1c2ccccc2c3ccccc13,-0.9305116365161696
CC1=C(C(=O)Nc2ccccc2)S(=O)(=O)CCO1,0.3670234526376364
c1(C#N)c(Cl)c(C#N)c(Cl)c(Cl)c(Cl)1,-1.2359262952357115
Cc1ccc2ccccc2c1,-0.3435428392895489
c1cc2ccc3ccc4ccc5ccc6ccc1c7c2c3c4c5c67,-2.9977871077240725
CC(C)CCOC=O,0.7301805702713424
CCN2c1cc(N(C)C)cc(C)c1NC(=O)c3cccnc23 ,-0.8689514943680121
Cn1ccc(=O)[nH]c1=O,1.0704315885010829
CC1CCCCC1NC(=O)Nc2ccccc2,-0.5057943767343059
CC(C)SC(C)C,0.3865890792118571
CN(C=Nc1ccc(C)cc1C)C=Nc2ccc(C)cc2C,-1.1548005265133334
Clc1cc(Cl)c(c(Cl)c1)c2c(Cl)cccc2Cl,-2.037639774374511
c2ccc1[nH]ccc1c2,0.7301805702713424
O=C1NC(=O)NC(=O)C1(C(C)C)CC=C,0.6404650142724767
CCC(C)(C)CC,-0.5630596252442203
CCNC(=S)NCC,0.7588131945262995
O=C1NC(=O)NC(=O)C1(CC)c1ccccc1,0.3474578260634158
CCNc1nc(Cl)nc(NC(C)C)n1,-0.3817196716294918
Oc1ccc(cc1)c2ccccc2,-0.20515182205725627
CC23Cc1cnoc1C=C2CCC4C3CCC5(C)C4CCC5(O)C#C,-1.1724573114705577
ClC(Cl)=C(c1ccc(Cl)cc1)c2ccc(Cl)cc2,-1.8372114045898116
ClC(Cl)(Cl)C(Cl)(Cl)Cl,-0.2958217988646204
COc2c1occc1c(OC)c3c(=O)cc(C)oc23 ,0.013887753493165398
CC1=CC(=O)CC(C)(C)C1 ,0.9496973562260136
c1ccc2c(c1)sc3ccccc23,-0.6346411858816128
CC(C)OC(=O)C(O)(c1ccc(Br)cc1)c2ccc(Br)cc2 ,-0.8971069082187194
CCCOC=O,1.2217072866481058
Cc1ccc(O)cc1,1.1071767896282776
CCCCBr,0.3245517266594501
COC(C)(C)C,1.341009887710427
c1cc(C)cc2c1c3cc4cccc5CCc(c45)c3cc2,-2.3239660169240817
CCN(CC)c1nc(Cl)nc(n1)N(CC)CC,-0.6494347084133408
CC34CCC1C(CCC2=CC(=O)CCC12C)C3CCC4=O,-0.3053660069496061
COP(=S)(OC)Oc1ccc(SC)c(C)c1,-0.7253111626889771
ClC(Cl)Cl,0.8972042117585922
CN(C)C(=O)Nc1cccc(c1)C(F)(F)F,-0.18129130184479209
NS(=O)(=O)c3cc2c(NC(Cc1ccccc1)NS2(=O)=O)cc3C(F)(F)F,-0.25764496652467755
Clc1cccc(c1)N(=O)=O,0.1336675649597361
C=CCC=C,0.45817063984925
CCC(C)C(=O)OC2CC(C)C=C3C=CC(C)C(CCC1CC(O)CC(=O)O1)C23 ,-1.4101080927867011
CCCC(=O)OC,0.5392964085716284
c1ccc2c(c1)c3cccc4c3c2cc5ccccc54,-2.4719012422413598
CCCCC(O)CC,0.7540410904838066
CC34CCC1C(=CCc2cc(O)ccc12)C3CCC4=O,-1.0650849705144678
c1ccc(Cl)cc1C(c2ccc(Cl)cc2)(O)C(=O)OC(C)C,-0.7062227465190056
Clc1ccc(c(Cl)c1)c2c(Cl)c(Cl)c(Cl)c(Cl)c2Cl,-2.3239660169240817
c1ccccc1O,1.4555403847302557
Clc1cc(Cl)c(c(Cl)c1)c2c(Cl)cc(Cl)cc2Cl ,-2.700962236281017
Cc1cc(C)c2ccccc2c1,-0.5916922494991772
C=C,1.2646562230305416
Fc1cccc(F)c1C(=O)NC(=O)Nc2ccc(Cl)cc2,-1.4172662488504402
CC2Cc1ccccc1N2NC(=O)c3ccc(Cl)c(c3)S(N)(=O)=O ,-0.2557361249076806
NS(=O)(=O)c2cc1c(NCNS1(=O)=O)cc2Cl ,0.20047702155463606
Cc1cccc(C)n1,1.670285066642434
FC(F)(Cl)C(F)(Cl)Cl,0.004820755812429133
CC1=CCCCC1,-0.10493763716490642
CCCCCCCCC(=O)OCC,-0.3578591514170274
Cc2cccc3sc1nncn1c23 ,0.4677148479342357
CCSSCC,0.3006912064469859
CCC2NC(=O)c1cc(c(Cl)cc1N2)S(N)(=O)=O,-0.11448184524989212
CN(C)C(=O)NC1CCCCCCC1,0.39708770810534144
Clc1c(Cl)c(Cl)c(N(=O)=O)c(Cl)c1Cl,-1.321824168000583
CCCC(=O)C,1.3648704079228915
CCCCc1ccccc1,-0.4819338565218414
CSc1nnc(c(=O)n1N)C(C)(C)C,0.3803853439566165
Clc1ccc(c(Cl)c1Cl)c2ccc(Cl)c(Cl)c2Cl ,-2.366914953306517
O=C1N(COC(=O)CCC)C(=O)C(N1)(c2ccccc2)c3ccccc3,-0.9643935752178696
CN(C)C(=O)Oc1nc(nc(C)c1C)N(C)C,0.5249800964441499
CCCCCCc1ccccc1,-1.030725821408519
C1CCc2ccccc2C1,-0.62986908183912
CCCCI,0.042997588152371966
CNN,2.0950023264242974
CC34CC(O)C1(F)C(CCC2=CC(=O)C=CC12C)C3CC(O)C4(O)C(=O)CO,-0.3005939029071133
COc1ccccc1OCC(O)COC(N)=O,0.98548813654471
CCN2c1nc(N(C)(CCO))ccc1NC(=O)c3cccnc23 ,-0.14788657354734197
COc1ccccc1N(=O)=O,0.520207992401657
CCCCCCCCCCO,-0.276733382694649
CCC#N,1.5891592979200555
CCN2c1ccccc1N(C)C(=S)c3cccnc23 ,-0.7902117776668799
ClC1=C(Cl)C2(Cl)C3C4CC(C=C4)C3C1(Cl)C2(Cl)Cl,-1.5542256348699852
Cc1ccc(O)cc1C,0.7969900268662423
CC(OC(=O)Nc1cccc(Cl)c1)C#C,0.20668075680987671
C2c1ccccc1N(CCF)C(=O)c3ccccc23 ,-0.8345923452620634
ClC(Cl)C(Cl)(Cl)Cl,0.21479333368211453
CCCOC(=O)C,1.1119488936707709
CC1CC2C3CCC4=CC(=O)C=CC4(C)C3(F)C(O)CC2(C)C1(O)C(=O)CO,-0.25764496652467755
CC(C)N(C(C)C)C(=O)SCC(Cl)=C(Cl)Cl,-0.8732463880062553
ClC(Cl)(Cl)C#N,0.4209482283178057
CCOCCOCC,1.0880883734583062
ClCCC#N ,1.3171493674979629
CC(C)CCC(C)(C)C,-0.9543721567286336
O=C2NC(=O)C1(CCCCCC1)C(=O)N2 ,-0.056262175931479405
CC(C)COC=O,0.973557876438478
O=N(=O)c1cc(cc(c1)N(=O)=O)N(=O)=O,0.07640231644982184
CCCCNC(=O)n1c(NC(=O)OC)nc2ccccc12,-0.8746780192190031
CC3C2CCC1(C)C=CC(=O)C(=C1C2OC3=O)C,-0.019039764400035037
Sc2nc1ccccc1s2 ,-0.061988700782470825
Cc1ncnc2nccnc12,1.2331603363500887
O=c2[nH]c(=O)c1[nH]c(=O)[nH]c1[nH]2 ,-0.4198965039694346
Brc1ccccc1Br,-0.214696030142242
CO,2.2047607194016337
c1ccccc1SC,0.31500751857446435
CN2C(=C(O)c1ccccc1S2(=O)=O)C(=O)Nc3ccccn3 ,-0.5296548969467701
CC(=O)Nc1ccccc1,0.8208505470787065
Nc1cc(nc(N)n1=O)N2CCCCC2 ,0.5063688906784277
O=Cc1ccco1,1.4078193443053268
Fc1c[nH]c(=O)[nH]c1=O ,0.9415847793537756
CCCN(CCC)c1c(cc(cc1N(=O)=O)S(N)(=O)=O)N(=O)=O,-1.006865301196055
CCOP(=S)(OCC)SCSCC,-0.5057943767343059
CCOC(=O)c1ccc(O)cc1,0.3340959347444358
c1ccc2ncccc2c1,0.835166859206185
CCC1(CC)C(=O)NC(=O)N(C)C1=O ,0.3913611832543501
CC13CCC(=O)C=C1CCC4C2CCC(C(=O)CO)C2(CC(O)C34)C=O ,-0.3817196716294918
CCCC,0.2291096458095932
CC(C)COC(=O)C,0.8781157955886207
CCCCCCCCCCCCCCCCCCCCCCCCCC,-2.521531124283286
CCC(=O)OC,1.3887309281353557
CCCCCCCC(=O)C,0.22433754176710025
CCc1ccc(C)cc1,-0.028583972485020745
O=C1NC(=O)NC(=O)C1(CC)C(C)C,0.4304924364027913
CN(C)C(=O)C,1.9852439334469625
CCCCC1C(=O)N(N(C1=O)c2ccccc2)c3ccccc3 ,-0.3626312554595204
CCSC(=O)N(CC)C1CCCCC1 ,-0.16697498971731342
CC34CCC1C(CCc2cc(O)ccc12)C3CCC4(O)C#C ,-0.5964643535416699
COc1ccc(cc1)C(O)(C2CC2)c3cncnc3 ,0.21670217529911168
CCCCCl,0.4868032641042072
c1ccc2ccccc2c1,-0.2624170705671705
CN(C)C(=O)NC1CC2CC1C3CCCC23,-0.057693807144227324
O=C1NC(=O)NC(=O)C1(CC)CCC(C)C,0.18711513023565607
CCc1ccccn1,1.6989176908973909
Oc1c(Cl)cc(Cl)c(Cl)c1Cl,-0.023811868442527997
CCSC(=O)N(CC(C)C)CC(C)C,-0.3005939029071133
BrC(Br)(Br)Br,-0.042900284612499416
CCNc1nc(Cl)nc(n1)N(CC)CC,-0.4819338565218414
CC(C)OP(=S)(OC(C)C)SCCNS(=O)(=O)c1ccccc1,-0.5487433131167416
C=Cc1ccccc1,0.10980704474727193
Nc1ncnc2n(ccc12)C3OC(CO)C(O)C3O ,0.5249800964441499
CCC1(C(=O)NC(=O)NC1=O)C2=CCCCC2 ,0.4199938075093072
CC(C)c1ccc(NC(=O)N(C)C)cc1,-0.23187560469521626
CCCC(=O)OCC,0.806534234951228
Oc1cccc(Cl)c1,1.121493101755756
c1cc2ccc3cccc4ccc(c1)c2c34,-1.4917110719133289
COC(=O)C=C,1.350554095795413
Clc1ccc(c(Cl)c1)c2cc(Cl)ccc2Cl ,-1.6797319711875471
C1OC(O)C(O)C(O)C1O,1.6416524423874768
CCN2c1ncccc1N(C)C(=S)c3cccnc23 ,-0.7558526285609314
Cc3ccnc4N(C1CC1)c2ncccc2C(=O)Nc34 ,-0.06676080482496358
Cc1cc2c3ccccc3ccc2c4ccccc14,-1.6797319711875471
FC(F)(F)C(Cl)Br ,0.6395105934639783
OCC1OC(C(O)C1O)n2cnc3c(O)ncnc23,0.8685715875036351
CC12CC(O)C3C(CCC4=CC(=O)CCC34C)C2CCC1(O)C(=O)CO,-0.019039764400035037
CCCCCC,-0.3769475675869988
CC=C(C(=CC)c1ccc(O)cc1)c2ccc(O)cc2,-0.9066511163037052
CCCCCCCCCO,0.0191370679399078
ClC=C(Cl)Cl,0.520207992401657
CCOP(=S)(OCC)N2C(=O)c1ccccc1C2=O,-0.14311446950484924
OC(Cn1cncn1)(Cn2cncn2)c3ccc(F)cc3F ,0.5965616570815425
Cn1cnc2n(C)c(=O)[nH]c(=O)c12 ,0.25153853480930943
OCc1ccccc1,1.2646562230305416
COc1ccc(cc1)C(c2ccc(OC)cc2)C(Cl)(Cl)Cl,-1.832439300547318
Fc1ccccc1,0.5965616570815425
CCC1CCCCC1,-0.5726038333292057
CCCBr,0.6299663853789925
CC(=O)C(C)(C)C,1.1119488936707709
CC(=O)N(S(=O)c1ccc(N)cc1)c2onc(C)c2C ,-0.25764496652467755
Cc3cc2nc1c(=O)[nH]c(=O)nc1n(CC(O)C(O)C(O)CO)c2cc3C,-0.3029799549283597
CCOC(C)OCC,1.250339910903063
O=C1NC(=O)NC(=O)C1(CC)C(C)CC,0.31500751857446435
O=C1CCCCC1,1.1692141421806843
CCCCCCCBr,-0.6585017060940769
OC4=C(C1CCC(CC1)c2ccc(Cl)cc2)C(=O)c3ccccc3C4=O,-1.3747945228722542
CCCC(C)(COC(N)=O)COC(N)=O ,0.5932211842517976
COc1ccccc1,0.5727011368690783
CCCC(=O)CCC,0.835166859206185
Oc1c(Cl)ccc(Cl)c1Cl,0.1957049175121431
COP(=S)(OC)Oc1cc(Cl)c(Cl)cc1Cl,-1.2741031275756547
CCOC(=O)N,1.8611692283421482
ClC(Br)Br,0.5488406166566141
Nc3cc2c1ccccc1ccc2c4ccccc34 ,-1.5031641216153115
Cc1c2ccccc2cc3ccccc13,-1.355228896298033
Oc1cccc2ncccc12 ,0.24342595793707164
COc1cccc(Cl)c1,0.12889546091724335
CC(C)CC(C)(C)O,1.0165068128209134
CCCOCC,1.1405815179257277
Clc1cccc(n1)C(Cl)(Cl)Cl,-0.33877073524705603
CCN2c1nc(C)cc(C(F)(F)F)c1NC(=O)c3cccnc23 ,-0.5520837859464864
Clc1ccc(CN(C2CCCC2)C(=O)Nc3ccccc3)cc1,-1.367159156404265
CCOP(=S)(OCC)Oc1nc(Cl)n(n1)C(C)C,-0.2900952740136289
ClC(Cl)C(Cl)Cl,0.6251942813364997
CCC(CC)C=O,0.7301805702713424
CSc1nc(nc(n1)N(C)C)N(C)C,0.17852534295916886
CCC#C,0.8637994834611422
CCCCCCCCCC(C)O,0.052541796237357684
CCOP(=S)(OCC)Oc1ccc(cc1)N(=O)=O,-0.7682600990714127
CCCCC(=O)OC3(C(C)CC4C2CCC1=CC(=O)C=CC1(C)C2(F)C(O)CC34C)C(=O)CO,-0.7921206192838769
CNC(=O)ON=C(SC)C(=O)N(C)C,1.5061246875806795
O=C1c2ccccc2C(=O)c3ccccc13,-1.021181613323534
Cc1cccc2c1ccc3ccccc32,-1.3361404801280616
Cc1ccc(O)c(C)c1,0.8876600036736065
CNC(=O)Oc1cccc2CC(C)(C)Oc12,0.11935125283225766
Clc1ccc(c(Cl)c1)c2cc(Cl)c(Cl)c(Cl)c2Cl ,-2.0710445026719606
CCCCCCC=C,-0.6632738101365699
CCC(C)(O)CC,1.2837446392005132
CCN(CC)C(=S)SCC(Cl)=C,-0.16220288567482066
CCC(Br)(CC)C(=O)NC(N)=O,0.1766165013421717
Cc1cc(cc(N(=O)=O)c1O)N(=O)=O,0.7607220361432967
c2ccc1[nH]ncc1c2 ,0.4247659115518
Nc1ccc(cc1)c2ccc(N)cc2,0.16707229325718598
c2cnc1ncncc1n2,1.4650845928152414
Clc1ccc(cc1Cl)c2ccccc2 ,-1.5938340984226755
COc2cnc1cncnc1n2,1.0212789168634062
CCCCc1c(C)nc(NCC)[nH]c1=O,0.010547280663420559
CN(C(=O)NC(C)(C)c1ccccc1)c2ccccc2,-0.14311446950484924
Sc1ccccc1,0.44385432772177136
CCC(C)Cl,0.520207992401657
CC12CC2(C)C(=O)N(C1=O)c3cc(Cl)cc(Cl)c3,-0.8350695556663125
ClCCBr,0.8256226511211994
CCC(O)(CC)CC,1.0499115411183633
O2c1ccccc1N(CC)C(=O)c3ccccc23 ,-0.3005939029071133
CCc1ccccc1CC,-0.10970974120739917
CCCCCCCCO,0.31500751857446435
c1ccoc1,1.064227853245842
Clc1ccc(cc1)N(=O)=O,0.06208600432234339
c2c(C)cc1nc(C)ccc1c2 ,0.5297522004866427
CC#N,1.5796150898350696
CCC1(C(=O)NCNC1=O)c2ccccc2,0.1957049175121431
CCC(C(CC)c1ccc(O)cc1)c2ccc(O)cc2,-0.6585017060940769
CCN2c1nc(Cl)ccc1N(C)C(=O)c3cccnc23 ,-0.5077032183513029
CCCCCc1ccccc1,-0.7587158909864268
CC1(C)C(C=C(Cl)Cl)C1C(=O)OCc2cccc(Oc3ccccc3)c2,-1.5465902684019968
c1ccc2cc3c4cccc5cccc(c3cc2c1)c45,-2.5959759473461745
CCCCOC,0.9831020845234634
CON(C)C(=O)Nc1ccc(Cl)cc1,0.2291096458095932
Clc1ccc(Cl)cc1,-0.10493763716490642
O=Cc1ccccc1,0.8876600036736065
CC(=O)Nc1cc(NS(=O)(=O)C(F)(F)F)c(C)cc1C,-0.09062132503742797
Cc1ccc(Cl)cc1,-0.014267660357542284
OC1CCCCCCC1,0.8399389632486779
CCO,1.9804718294044692
CCCCOC=O,0.8017621309087352
O=c2[nH]c1CCCc1c(=O)n2C3CCCCC3,-0.7367642123909591
Nc1ncnc2nc[nH]c12 ,0.44385432772177136
CC(C)C(=O)C(C)C,0.835166859206185
Nc1nc(O)nc2nc[nH]c12 ,-0.16745220012156264
CCCc1ccccc1,-0.15265867758983495
CC1(C)C(C=C(Cl)Cl)C1C(=O)OC(C#N)c2ccc(F)c(Oc3ccccc3)c2,-2.0457523512467493
Oc1ccc(C=O)cc1,0.997418396650942
O=C1N(COC(=O)CCCCCC)C(=O)C(N1)(c2ccccc2)c3ccccc3,-1.5513623724444894
CC(C)OC(=O)C,1.1930746623931492
ICI,0.3388680387869287
CCNc1nc(Cl)nc(NCC)n1 ,-0.7157669546039912
OC1C=CC2C1C3(Cl)C(=C(Cl)C2(Cl)C3(Cl)Cl)Cl ,-1.1500284224708406
Brc1ccc(I)cc1,-0.7205390586464839
CCCCCC(O)CC,0.5106637843166713
CC(C)CO,1.503261425155184
CN(C)C(=O)SCCCCOc1ccccc1,-0.4184648727566867
Clc1ccccc1I,-0.23378444631221335
CCOP(=S)(OCC)SCSc1ccc(Cl)cc1,-1.281738494043644
CCC(C)c1cc(cc(N(=O)=O)c1O)N(=O)=O ,-0.1574307816323277
c1(C(=O)OCCCCCC(C)(C))c(C(=O)OCCCCCC(C)(C))cccc1,-1.7117050682722494
CC(C)C(C)(C)C,-0.6250969777966272
CC(=C)C=C,0.4868032641042072
CCNc1ccccc1,0.6442826975064712
NC(N)=NC#N ,1.3076051594129772
CCOC=O,1.5271219453676483
CCC(=O)Nc1ccc(Cl)c(Cl)c1,0.02390917198240055
BrC(Cl)Cl,0.7206363621863567
C1C=CCC=C1,0.4724869519767285
Nc1cccc(c1)N(=O)=O,0.4104495994243215
O=C1NC(=O)NC(=O)C1(CC=C)c1ccccc1,0.3250289370636993
CN(C)c1nc(nc(n1)N(C)C)N(C)C,-0.14979541516433914
CCC(C)C1(CC=C)C(=O)NC(=O)NC1=O,0.493484209763697
CC(=O)C3(C)CCC4C2C=C(C)C1=CC(=O)CCC1(C)C2CCC34C,-1.0593584456634764
CCCCC(=O)OCC,0.3818169751693643
CCCCC(=O)CCCC,0.22433754176710025
c2ccc1ocnc1c2,0.9019763158010852
C1OC1c2ccccc2 ,0.6920037379313996
O=C1CCC(=O)N1,1.5987035060050412
CC1CC2C3CC(F)C4=CC(=O)C=CC4(C)C3(F)C(O)CC2(C)C1(O)C(=O)CO,-1.2230416143209817
CCCCC(C)(O)CC,0.6920037379313996
O=C1NC(=O)NC(=O)C1(C)CC=C,0.9019763158010852
Clc1cc(Cl)c(Cl)c(Cl)c1,-0.7539437869439342
CC(Cl)(Cl)Cl,0.5011195762316856
NC(=O)CCl ,1.44599617664527
Oc1c(Cl)cc(Cl)cc1Cl,0.3388680387869287
CCCCCCCCCCCCCCCCCCCC,-2.444223038794902
Clc1ccc(Cl)c(c1)c2cccc(Cl)c2Cl ,-1.6320109307626185
COC(=O)c1ccccc1,0.5727011368690783
Clc1cccc(Cl)c1c2c(Cl)cccc2Cl ,-2.0710445026719606
O=N(=O)c1c(Cl)c(Cl)ccc1,-0.20515182205725627
CC(C)C(C)C,-0.28627759077963466
CC(C)C1CCC(C)CC1=O,0.3340959347444358
CC1CCCO1,1.5080335291976767
ClCC#CCOC(=O)Nc1cccc(Cl)c1,-0.62986908183912
CCNc1nc(NC(C)(C)C)nc(OC)n1,-0.09014411463317852
CCNc1nc(NC(C)(C)C)nc(SC)n1,-0.4533012322668845
NC(=O)N,1.9136623728095687
CC(=O)Nc1ccc(F)cc1,0.6061058651665283
CCSCc1ccccc1OC(=O)NC ,0.45817063984925
FC(F)(Cl)C(F)(F)Cl,0.14798387708721455
COP(=S)(OC)SCC(=O)N(C(C)C)c1ccc(Cl)cc1,-0.6594561269025758
CC,0.806534234951228
Brc1cc(Br)cc(Br)c1,-1.2168378790657404
CC1OC(CC(O)C1O)OC2C(O)CC(OC2C)OC8C(O)CC(OC7CCC3(C)C(CCC4C3CCC5(C)C(CCC45O)C6=CC(=O)OC6)C7)OC8C ,-1.0703342849612092
CCCCCCBr,-0.3626312554595204
CCCCCOC(=O)CC,0.8447110672911708
CCN(Cc1c(F)cccc1Cl)c2c(cc(cc2N(=O)=O)C(F)(F)F)N(=O)=O,-1.779946156079897
CCOC(=O)C=Cc1ccccc1,0.02390917198240055
ClC(Cl)C(c1ccc(Cl)cc1)c2ccc(Cl)cc2,-1.9803745258645968
CCCCCCCI,-0.8398416597088052
CCCCCC(C)(C)O,0.6347384894214854
c1cc2ccc3ccc4ccc5cccc6c(c1)c2c3c4c56,-2.8479430407897968
Oc2ncc1nccnc1n2,0.5264117276568977
C=CCS(=O)SCC=C,1.059455749203349
Clc1cc(Cl)c(Cl)c(Cl)c1Cl,-1.240698399278205
Clc1cc(Cl)c(Cl)c(c1Cl)c2c(Cl)c(Cl)cc(Cl)c2Cl ,-2.9109348141507025
CC(C)C(O)C(C)C,0.8733436915461279
CSCS(=O)CC(CO)NC(=O)C=Cc1c(C)[nH]c(=O)[nH]c1=O,0.5101865739124221
CI,0.9783299804809706
CCCCCCCCC=C,-1.1738889426833048
COCOC,1.6846013787699126
C/C=C/C=O,1.6082477140900269
CNC(=O)ON=C(CSC)C(C)(C)C ,0.6824595298464139
BrC(Br)Br,0.5440685126141213
COc1c(O)c(Cl)c(Cl)c(Cl)c1Cl ,-0.46284544035187
Cc1c(C)c2c3ccccc3ccc2c4ccccc14,-1.8897045490572324
CCCCC1(CC)C(=O)NC(=O)NC1=O,0.6628939032721932
c1ccc2cc3ccccc3cc2c1,-1.5747456822527042
CCC(O)CC,1.341009887710427
CC34CCC1C(CC=C2CC(O)CCC12C)C3CCC4=O,-0.5105664807767988
CCc1ccccc1,0.1336675649597361
c3ccc2c(O)c1ccccc1cc2c3 ,-0.8016648273688628
OC(C1=CC2C5C(C1C2=C(c3ccccc3)c4ccccn4)C(=O)NC5=O)(c6ccccc6)c7ccccn7 ,-0.4203737143736838
C1Cc2cccc3cccc1c23,-0.7539437869439342
OCC(O)C2OC1OC(OC1C2O)C(Cl)(Cl)Cl ,0.5774732409115712
CC(C)N(C(=O)CCl)c1ccccc1 ,0.2720585821920288
c1ccccc1(OC(=O)NC),0.5951300258687948
Cn1cnc2n(C)c(=O)n(C)c(=O)c12,1.0375040706078822
CON(C)C(=O)Nc1ccc(Br)c(Cl)c1,-0.4170332415439388
Clc1ccccc1,0.3197796226169573
N(c1ccccc1)c2ccccc2,-0.21660487175923912
CCOP(=S)(OCC)SC(CCl)N1C(=O)c2ccccc2C1=O,-1.569973578210211
Clc1ccccc1C2=NCC(=O)Nc3ccc(cc23)N(=O)=O,-0.21421881973799276
Nc1ccccc1O,1.1119488936707709
CCCCCCCO,0.5917895530390497
CCCC(C)(O)CC,0.9878741885659564
CNC(=O)C(C)SCCSP(=O)(OC)(OC),2.0014690871914382
ClCCCCl,0.6824595298464139
COC1=CC(=O)CC(C)C13Oc2c(Cl)c(OC)cc(OC)c2C3=O,-0.09348458746292378
CCOP(=S)(OCC)SCn1c(=O)oc2cc(Cl)ccc12,-1.0417016607062528
CC(C)C(=O)C,1.3982751362203414
c1(O)c(C)ccc(C(C)C)c1,0.4629427438917427
CC1(C)C2CCC1(C)C(=O)C2,0.520207992401657
CC/C=C\C,0.24342595793707164
CC(C)CBr,0.2959191024044929
C=CCCC=C,0.1766165013421717
c1ccc(cc1)c2ccccc2,-0.6179388217328877
CC(C)=CCCC(C)=CC(=O),0.4724869519767285
Cc1c(F)c(F)c(COC(=O)C2C(C=C(Cl)C(F)(F)F)C2(C)C)c(F)c1F,-2.038116984778761
O=N(=O)OCC(CON(=O)=O)ON(=O)=O ,0.3961332872968428
Ic1ccccc1,0.0191370679399078
Clc1cccc(Br)c1,-0.07630501290994929
CCCC(=O)CC,1.059455749203349
Nc2cccc3nc1ccccc1cc23 ,-0.5582875212017271
CC1=C(CCCO1)C(=O)Nc2ccccc2 ,0.23388174985208596
COC(=O)c1ccc(O)cc1,0.5836769761668119
CC(C)CC(C)C,-0.5773759373716985
c1ccccc1C(O)c2ccccc2,0.2386538538945789
COCC(=O)N(C(C)C(=O)OC)c1c(C)cccc1C ,0.6915265275271504
CCCCCCCCCCCCCCO,-1.3313683760855688
CCCCCCCCCC(=O)OCC,-0.5010222726918128
OC(CC(c1ccccc1)c3c(O)c2ccccc2oc3=O)c4ccc(cc4)c5ccc(Br)cc5 ,-0.6656598621578165
CCC(C)C1(CC(Br)=C)C(=O)NC(=O)NC1=O ,0.19236444468239827
CCI,0.6920037379313996
O=C1NC(=O)C(=O)C(=O)N1 ,0.8590273794186494
CC12CCC(=O)C=C1CCC3C2CCC4(C)C3CCC4(O)C#C ,-1.2454705033206976
CCOc2ccc1nc(sc1c2)S(N)(=O)=O ,-0.3626312554595204
Fc1ccc(F)cc1,0.5154358883591641
Clc1ccc(c(Cl)c1Cl)c2c(Cl)cc(Cl)c(Cl)c2Cl ,-2.1998913118192682
Cc1ccccc1Br,0.3913611832543501
Cc1cccc(O)c1,1.1310373098407418
CCc1ccc2ccccc2c1,-0.5916922494991772
CCN(CC(C)=C)c1c(cc(cc1N(=O)=O)C(F)(F)F)N(=O)=O,-1.4668961308923658
NC(=N)NS(=O)(=O)c1ccc(N)cc1 ,0.5058916802741784
NC(=S)N,1.6082477140900269
CC(=O)Nc1nnc(s1)S(N)(=O)=O ,0.32932383070194304
Nc1ccc(cc1)S(=O)(=O)c2ccc(N)cc2,-0.020948606017032176
CC1(C)CON(Cc2ccccc2Cl)C1=O,0.33982245959542723
Cc1ccc(C)cc1,0.1336675649597361
CCCCCCCCCCCCCCCO,-1.5747456822527042
CCCCCCC#C,-0.2910496948221276
c2(Cl)c(Cl)c(Cl)c1nccnc1c2(Cl) ,-1.135712110343362
CCC1(C(=O)NC(=O)NC1=O)c2ccccc2 ,0.3474578260634158
CC1(O)CCC2C3CCC4=CC(=O)CCC4(C)C3CCC21C,-0.4528240218626353
CCOC(=O)CC,1.1405815179257277
Nc1cc[nH]c(=O)n1 ,0.9043623678223316
c2ccc1NCCc1c2 ,0.9592415643109992
O=C1NC(=O)NC(=O)C1(C)C,0.6242398605280012
C(Cc1ccccc1)c2ccccc2,-0.7491716829014412
Clc1cccc(c1Cl)c2c(Cl)c(Cl)cc(Cl)c2Cl ,-2.648469091813596
CCCCCCCC#C,-0.567831729286713
OCC(O)C(O)CO,1.7895876677047553
Cc1cccc2c(C)cccc12,-0.7773270967521483
CCC(C)CCO,1.1167209977132633
BrCBr,0.8972042117585922
CC(C)CCOC(=O)C,0.5392964085716284
CCC1(CCC(C)C)C(=O)NC(=O)NC1=O,0.27778510704302023
CCN(CC)C(=O)CSc1ccc(Cl)nn1,0.6366473310384826
CCOP(=S)(OCC)SC(CCl)N2C(=O)c1ccccc1C2=O,-1.569973578210211
CC(=O)OC3(C)CCC4C2CCC1=CC(=O)CCC1(C)C2CCC34C ,-1.0660393913229664
CN(C)C(=O)N(C)C ,1.9041181647245835
CN(C(=O)COc1nc2ccccc2s1)c3ccccc3,-0.8699059151765104
Oc1ccccc1N(=O)=O,0.6251942813364997
CC(=C)C1CC=C(C)C(=O)C1,0.4724869519767285
Clc1cc(c(Cl)c(Cl)c1Cl)c2cc(Cl)c(Cl)c(Cl)c2Cl,-2.9157069181931954
CCC(CC)CO,0.8972042117585922
CC(C)C(Nc1ccc(cc1Cl)C(F)(F)F)C(=O)OC(C#N)c2cccc(Oc3ccccc3)c2,-2.3635744804767724
Nc1ccccc1N(=O)=O,0.520207992401657
c1ccc2c(c1)c3cccc4ccc5cccc2c5c43,-2.266700768414168
Cn2c(=O)n(C)c1ncn(CC(O)CO)c1c2=O,1.3744146160078772
CC(C)CC(C)(C)C,-0.8064369314113555
CCCN(CCC)c1c(cc(cc1N(=O)=O)C(C)C)N(=O)=O,-1.6415551388476044
CC34CCC1C(CCc2cc(O)ccc12)C3CC(O)C4O ,-0.9090371683249516
CCC(C)CO,1.2312514947330917
CC(=O)C3CCC4C2CC=C1CC(O)CCC1(C)C2CCC34C ,-0.7634879950289201
CCCCCCCl,-0.033356076527513705
CC1(C)C(C=C(Cl)Cl)C1C(=O)OC(C#N)c2cccc(Oc3ccccc3)c2,-2.3702554261362634
C/C1CCCCC1\C,-0.5964643535416699
Clc1ccc(I)cc1,-0.4676175443943632
Oc1cccc(Cl)c1Cl,0.835166859206185
COC(C)(C)CCCC(C)CC=CC(C)=CC(=O)OC(C)C,-1.021181613323534
CCN2c1ccccc1N(C)C(=O)c3ccccc23 ,-0.8107318250495988
O=C1CNC(=O)N1 ,1.2646562230305416
Clc2c(Cl)c(Cl)c(c1ccccc1)c(Cl)c2Cl ,-2.3239660169240817
ClC(Cl)C(c1ccc(Cl)cc1)c2ccccc2Cl ,-1.65109934693259
CCCCCCC,-0.7062227465190056
COP(=S)(OC)Oc1ccc(cc1Cl)N(=O)=O,-0.6012364575841627
CC12CCC(CC1)C(C)(C)O2,0.6251942813364997
CCN2c1ccccc1N(C)C(=O)c3cccnc23 ,-0.13070699899436772
CCCCC(CC)CO,0.4486264317642643
CN(C)C(=O)Nc1ccc(Cl)cc1,0.07640231644982184
CNC(=O)Oc1cccc2ccccc12,-0.0829859585694394
CCOC(=O)C,1.4364519685602843
CC(C)c1ccc(C)cc1O,0.3961332872968428
NNc1ccccc1,1.4889451130277056
CN(C)C=Nc1ccc(Cl)cc1C,0.09071862857730052
CCCCCC(C)C,-0.9686884688561124
CCSCC,0.8160784430362137
Cc1c[nH]c2ccccc12 ,0.3006912064469859
Clc1ccccc1Br,-0.06676080482496358
Nc1cccc2ccccc12,0.5392964085716284
ClC1C=CC2C1C3(Cl)C(=C(Cl)C2(Cl)C3(Cl)Cl)Cl,-1.558997738912478
Cc1cccc2ccccc12,-0.31013811099209904
Oc1ccccc1Cl,0.9496973562260136
Clc1c(Cl)c(Cl)c(c(Cl)c1Cl)c2c(Cl)c(Cl)c(Cl)c(Cl)c2Cl ,-4.0801003045614515
Cc1ccc(N)cc1,0.8781157955886207
O=C2NC(=O)C1(CCCC1)C(=O)N2,0.334573145148685
O=C1CCCN1,1.966155517276991
c1cc(O)c(O)c2OCC3(O)CC4=CC(=O)C(O)=CC4=C3c21,0.16707229325718598
CCOP(=S)(OCC)SCSP(=S)(OCC)OCC,-1.1882052548107835
c1c(NC(=O)c2ccccc2(I))cccc1,-0.5535154171592344
Cc1cc(C)cc(O)c1,0.7874458187812566
CCCCCC(=O)OCC,0.3340959347444358
CN(C)C(=O)Nc1ccccc1,0.6920037379313996
CCNP(=S)(OC)OC(=CC(=O)OC(C)C)C,-0.1707926729513077
C1CCOCC1,1.4412240726027772
CC1=CCC(CC1)C(C)=C,-0.5773759373716985
Clc1cccc(c1)c2cc(Cl)ccc2Cl ,-1.412494144807947
CCCCl,0.7540410904838066
OCC2OC(Oc1ccccc1CO)C(O)C(O)C2O,1.0499115411183633
O=C1NC(=O)NC(=O)C1(CC)CC=C,0.6853227922719095
c1ccc(cc1)c2ccc(cc2)c3ccccc3,-1.9374255894821608
Cc1cc(=O)n(c2ccccc2)n1C,1.7967458237684943
Cc1ccc2cc(C)ccc2c1,-0.8780184920487479
CCOP(=S)(OCC)Oc2ccc1oc(=O)c(Cl)c(C)c1c2,-1.1128060109393971
CCCC(C)C1(CC=C)C(=O)NC(=S)NC1=O ,-0.19560761397227056
CCOP(=S)(OCC)Oc1cc(C)nc(n1)C(C)C,-0.28150548673714193
CC45CCC2C(CCC3CC1SC1CC23C)C4CCC5O,-1.1261679022583764
Oc1c(I)cc(C#N)cc1I,-0.26718917460966324
OC(c1ccc(Cl)cc1)(c2cncnc2)c3ccccc3Cl,-0.6346411858816128
CCNc1nc(NC(C)C)nc(OC)n1,0.4610339022747456
CC(=O)OCC(COC(=O)C)OC(=O)C,1.1692141421806843
Brc1ccccc1,0.2386538538945789
Brc1cccc(Br)c1,-0.23378444631221335
Oc1cc(Cl)ccc1Oc2ccc(Cl)cc2Cl,-0.6728180182215556
Oc1cc(Cl)c(Cl)c(Cl)c1Cl,-0.04767238865499216
COc1ncnc2nccnc12 ,0.9258368360135492
c1cnc2c(c1)ccc3ncccc23,0.1766165013421717
CC(C)C,0.2386538538945789
COc1ccc(C=O)cc1,0.744496882398821
Nc1cccc(Cl)c1,0.8017621309087352
CCCCC(CC)COC(=O)c1ccccc1C(=O)OCC(CC)CCCC,-1.865844028844768
ClC2=C(Cl)C3(Cl)C1C=CCC1C2(Cl)C3(Cl)Cl ,-1.2359262952357115
CCOC(=O)CC(=O)OCC,1.064227853245842
Nc1ccc(Cl)cc1,0.6633711136764425
CCCCCC=O,0.835166859206185
CCCC=C,0.1766165013421717
Oc1c(Cl)c(Cl)c(Cl)c(Cl)c1Cl,-0.5869201454566844
CN(C)C(=O)Nc2ccc(Oc1ccc(Cl)cc1)cc2,-0.8780184920487479
CCOC(=O)Nc2cccc(OC(=O)Nc1ccccc1)c2 ,-0.7548982077524324
Cc1ccccc1N,0.4009053913393357
CCCC(C)(C)C,-0.6250969777966272
CC(C)CCCO,0.9115205238860709
CCCCCC#C,0.0191370679399078
CCCC(C)C,-0.3292265271620705
CCN2c1nc(C)cc(C)c1NC(=O)c3cccnc23 ,-0.7176757962209876
ClC=C,0.6204221772940068
CCCCOCN(C(=O)CCl)c1c(CC)cccc1CC ,-0.5439712090742488
NS(=O)(=O)c2cc1c(N=CNS1(=O)=O)cc2Cl ,4.8651769936384294e-05
CCCCOc1ccc(C(=O)OCC)c(c1)N(CC)CC ,-0.3769475675869988
CCCC=O,1.4507682806877629
C/C1CCC(\C)CC1,-0.6775901222640484
CCOP(=S)(NC(C)C)Oc1ccccc1C(=O)OC(C)C,-0.5458800506912458
Cc1c2ccccc2c(C)c3ccccc13,-1.6797319711875471
O=c1[nH]cnc2nc[nH]c12 ,0.3598652965738973
NS(=O)(=O)c2cc1c(NC(NS1(=O)=O)C(Cl)Cl)cc2Cl ,0.1766165013421717
CCN(=O)=O,1.350554095795413
CCN2c1ncccc1N(C)C(=O)c3cccnc23 ,0.2052491255971288
CCCCCCCCCCCCCCCCCCO,-2.553027010963739
CCCCC,-0.061988700782470825
Nc2cnn(c1ccccc1)c(=O)c2Cl,0.08212884130081327
CCOC2Oc1ccc(OS(C)(=O)=O)cc1C2(C)C,-0.17651919780229913
COc1ccc(NC(=O)N(C)C)cc1Cl,0.2319729082350888
CC(C)C(C)O,1.3696425119653843
Oc1ccc(Cl)cc1C(=O)Nc2ccc(cc2Cl)N(=O)=O,-0.787348515241384
Clc1ccccc1c2ccccc2Cl ,-1.0593584456634764
Oc1cc(Cl)cc(Cl)c1Cl,0.18138860538466464
c1cncnc1,1.9804718294044692
CCN2c1cc(Cl)ccc1NC(=O)c3cccnc23 ,-1.1023073820459124
NC(=O)c1cccnc1 ,1.7466387313223195
Clc1ccc(Cl)c(c1)c2c(Cl)c(Cl)cc(Cl)c2Cl ,-2.085360814799439
Cc1c(cccc1N(=O)=O)N(=O)=O,0.02390917198240055
CCOP(=S)(CC)Oc1cc(Cl)c(Cl)cc1Cl,-1.2893738605116327
CCCCCC1CCCC1,-1.4458988731053974
OCC1OC(O)C(O)C(O)C1O,1.808676083874727
c1ccncc1,1.818220291959712
O=c1[nH]cnc2[nH]ncc12 ,0.3741816087013757
O=C2NC(=O)C1(CC1)C(=O)N2 ,0.5555215623161042
c1ccc2c(c1)ccc3ccccc32,-1.0545863416209835
COc1ccccc1Cl,0.2816027902770145
COC=O,1.7323224191948408
Clc1cccc(Cl)c1c2ccccc2 ,-1.030725821408519
CC(C)OC(=O)Nc1cccc(Cl)c1,-0.1574307816323277
